Time,Code
1,9.86
2,9.86
3,8.15
4,9.17
5,8.77
6,3.54
7,4.5
8,1.8
9,3.47
10,3.83
11,4.81
12,5.23
13,2.29
14,1.24
15,2.21
16,5.39
17,5.64
18,2.9
19,4.74
20,6.52
21,7.39
22,5.38
23,7.87
24,2.86
25,4.67
26,4.62
27,2.49
28,4.5
29,7.74
30,6.81
31,4.38
32,6.84
33,6.47
34,6.28
35,3.75
36,7.23
37,5.31
38,4.35
39,7.66
40,5.55
41,5.62
42,0.57
43,3.68
44,4.51
45,6.6
46,1.73
47,3.68
48,7.25
49,6.18
50,5.62
51,3.57
52,6.8
53,1.7
54,2.78
55,2.76
56,1.44
57,6.71
58,1.39
59,2.3
60,1.17
61,1.12
62,6.83
63,3.3
64,7.85
65,6.25
66,6.1
67,5.13
68,2.22
69,1.1
70,5.6
71,6.19
72,3.49
73,3.46
74,7.58
75,1.82
76,7.42
77,5.66
78,4.87
79,1.63
80,3.77
81,1.46
82,7.86
83,5.57
84,4.49
85,3.22
86,3.31
87,5.88
88,6.11
89,5.87
90,6.15
91,1.21
92,2.18
93,6.29
94,6.85
95,2.29
96,4.16
97,1.57
98,5.73
99,5.67
100,3.65
101,3.52
102,1.22
103,4.43
104,1.51
105,1.29
106,1.12
107,7.29
108,2.12
109,6.47
110,3.53
111,4.27
112,7.87
113,6.74
114,4.51
115,5.57
116,4.84
117,5.24
118,1.63
119,4.39
120,5.87
121,1.59
122,3.65
123,3.35
124,7.65
125,1.18
126,2.77
127,6.76
128,7.46
129,4.61
130,4.27
131,5.59
132,1.33
133,3.34
134,6.16
135,7.49
136,1.56
137,4.67
138,2.7
139,4.81
140,3.2
141,1.59
142,3.61
143,2.65
144,1.59
145,4.72
146,6.66
147,3.39
148,4.21
149,3.32
150,5.79
151,6.86
152,7.44
153,4.77
154,3.42
155,2.49
156,3.54
157,6.64
158,1.57
159,7.56
160,1.38
161,5.22
162,4.82
163,7.17
164,6.89
165,6.13
166,3.41
167,6.64
168,0.64
169,4.24
170,3.19
171,5.89
172,7.44
173,3.51
174,6.51
175,2.82
176,4.86
177,2.42
178,3.73
179,5.68
180,4.45
181,1.75
182,4.81
183,2.41
184,1.49
185,4.3
186,6.85
187,6.62
188,3.87
189,3.67
190,6.17
191,7.78
192,2.53
193,2.42
194,6.41
195,6.83
196,3.47
197,6.83
198,4.62
199,7.18
200,4.85
201,6.56
202,4.82
203,1.41
204,5.71
205,2.32
206,5.56
207,4.74
208,2.11
209,6.45
210,3.51
211,2.47
212,2.88
213,7.16
214,1.82
215,5.77
216,6.15
217,5.49
218,6.84
219,4.31
220,5.47
221,1.59
222,3.24
223,0.7
224,7.9
225,3.64
226,7.77
227,6.21
228,2.5
229,4.64
230,2.11
231,5.47
232,1.39
233,5.78
234,5.45
235,7.64
236,4.62
237,4.65
238,6.83
239,1.31
240,3.34
241,6.86
242,3.62
243,4.51
244,1.51
245,2.41
246,5.78
247,2.74
248,6.17
249,1.29
250,4.55
251,5.32
252,1.19
253,7.73
254,7.39
255,3.38
256,3.47
257,2.5
258,7.33
259,2.84
260,4.89
261,2.84
262,3.23
263,0.81
264,4.25
265,6.78
266,2.38
267,7.21
268,3.75
269,6.4
270,7.76
271,3.32
272,6.84
273,5.56
274,6.86
275,6.42
276,6.8
277,6.7
278,6.33
279,5.61
280,1.39
281,4.49
282,3.87
283,3.45
284,1.81
285,2.35
286,4.2
287,1.18
288,2.39
289,6.71
290,4.11
291,3.29
292,7.58
293,5.33
294,6.82
295,3.35
296,4.18
297,2.73
298,3.3
299,4.39
300,1.37
301,2.67
302,6.59
303,3.85
304,6.71
305,1.79
306,2.78
307,4.45
308,3.21
309,5.56
310,1.37
311,7.67
312,4.28
313,1.41
314,4.49
315,7.35
316,7.6
317,1.57
318,5.63
319,4.89
320,7.65
321,0.24
322,4.52
323,1.8
324,4.9
325,2.19
326,6.5
327,2.16
328,3.47
329,6.11
330,1.63
331,2.24
332,2.44
333,1.37
334,7.62
335,1.79
336,4.29
337,4.21
338,1.21
339,5.53
340,1.26
341,1.76
342,5.37
343,5.8
344,2.4
345,1.21
346,1.3
347,4.27
348,1.59
349,6.4
350,5.62
351,4.82
352,6.52
353,7.83
354,2.51
355,7.75
356,6.87
357,2.4
358,3.37
359,2.44
360,4.35
361,3.75
362,5.18
363,3.33
364,7.49
365,3.28
366,6.21
367,5.63
368,1.58
369,7.26
370,2.41
371,1.62
372,6.12
373,3.66
374,4.53
375,6.72
376,7.28
377,2.58
378,1.65
379,1.21
380,6.54
381,2.71
382,1.88
383,7.47
384,3.87
385,2.76
386,6.76
387,7.82
388,5.15
389,4.63
390,1.46
391,6.79
392,6.66
393,3.86
394,1.27
395,3.31
396,6.41
397,5.7
398,2.44
399,2.65
400,7.8
401,7.46
402,3.41
403,5.3
404,2.56
405,4.25
406,4.78
407,3.35
408,0.24
409,5.6
410,4.28
411,5.62
412,5.81
413,6.85
414,7.27
415,7.76
416,1.11
417,7.12
418,3.15
419,5.3
420,6.63
421,7.45
422,4.48
423,6.11
424,5.56
425,2.22
426,5.72
427,6.15
428,5.46
429,3.62
430,4.48
431,7.83
432,2.55
433,7.87
434,2.26
435,6.84
436,3.57
437,6.41
438,4.29
439,2.55
440,3.63
441,2.85
442,6.41
443,4.2
444,4.41
445,4.87
446,3.27
447,0.28
448,5.52
449,1.58
450,5.64
451,1.41
452,4.42
453,5.32
454,3.51
455,5.85
456,4.56
457,6.47
458,6.28
459,1.12
460,1.2
461,2.27
462,2.53
463,5.22
464,3.85
465,1.61
466,5.17
467,6.21
468,6.21
469,3.51
470,3.48
471,5.38
472,3.65
473,1.58
474,1.59
475,3.39
476,6.32
477,4.82
478,5.58
479,2.12
480,3.45
481,6.11
482,6.88
483,5.67
484,7.63
485,6.53
486,5.72
487,4.44
488,7.25
489,5.14
490,5.71
491,6.76
492,6.25
493,1.82
494,1.87
495,5.73
496,2.42
497,3.19
498,5.83
499,2.29
500,2.18
501,6.42
502,5.78
503,5.62
504,1.52
505,5.84
506,4.83
507,2.22
508,2.47
509,3.14
510,5.25
511,7.45
512,4.58
513,7.74
514,6.46
515,4.58
516,2.78
517,2.12
518,6.25
519,2.61
520,5.6
521,4.48
522,2.44
523,3.72
524,3.7
525,1.76
526,5.77
527,0.44
528,7.12
529,5.48
530,3.65
531,2.47
532,4.39
533,7.59
534,6.3
535,7.53
536,4.33
537,7.39
538,1.5
539,2.7
540,6.63
541,4.19
542,5.47
543,5.46
544,6.87
545,4.46
546,7.67
547,6.39
548,7.55
549,2.22
550,6.82
551,2.43
552,4.67
553,6.75
554,4.31
555,3.56
556,4.34
557,6.73
558,3.64
559,6.11
560,5.13
561,4.18
562,1.85
563,3.36
564,3.69
565,2.7
566,3.73
567,5.58
568,4.6
569,2.46
570,1.58
571,3.12
572,4.21
573,6.14
574,3.42
575,6.82
576,1.8
577,6.83
578,2.28
579,5.36
580,3.34
581,7.41
582,5.68
583,4.71
584,1.5
585,5.39
586,3.78
587,7.24
588,2.53
589,6.68
590,2.27
591,4.29
592,7.31
593,2.51
594,2.1
595,7.48
596,3.62
597,6.26
598,6.59
599,2.78
600,5.11
